{"train_loss": [2.064115937271118, 1.6970005619430542, 1.5372025579071045, 1.4389829448699951, 1.3578450358963012, 1.3160284901428223, 1.2800037743759156, 1.2633869561004638, 1.2473462078094482, 1.2339935886001587, 1.2219558393096923, 1.2110592168045045, 1.1997929888534546, 1.1935100732040405, 1.1875753887939453, 1.1853248623275756, 1.1772394538497926, 1.172422448425293, 1.1700606577301025, 1.162480707054138, 1.1555991524505616, 1.1562704153823853, 1.1511865741729737, 1.1501561875915527, 1.1452520475006103, 1.140655248374939, 1.142936848487854, 1.138881328353882, 1.135434315109253, 1.13107575214386, 1.1286567710876465, 1.1255691812515258, 1.1203715243911743, 1.1223132007598877, 1.1205708609008789, 1.110558608932495, 1.1090551484298705, 1.10987252494812, 1.1066708688735962, 1.1011833558654784, 1.0981337587738038, 1.0957460618972779, 1.092778844909668, 1.0906033416366576, 1.090897826576233, 1.0860533278274536, 1.0824237411117554, 1.0807549477386476, 1.0776285124206544, 1.0723891809082031, 1.0670422941589355, 1.063937882270813, 1.063847098426819, 1.0573285702896118, 1.05584438873291, 1.053169719581604, 1.0499351655960083, 1.0439370471572875, 1.0413421571350097, 1.0373525424957275, 1.0313753139114379, 1.029754661254883, 1.0258824132537843, 1.0260515218353272, 1.0160909490203858, 1.01513438873291, 1.0090746960830688, 1.006152043838501, 0.9987513788986206, 0.9958744879150391, 0.9875096481704712, 0.9860672893524169, 0.9794434723854065, 0.9737423581695557, 0.965970899848938, 0.9593477548217774, 0.9523039367103576, 0.9443728702163696, 0.9366433052825928, 0.924154952468872, 0.9130915354728699, 0.9053803174591064, 0.8884427110290527, 0.8769743799591064, 0.8576102283477783, 0.8409256999969482, 0.8198014184570313, 0.8012952753448487, 0.780797732963562, 0.754764864692688, 0.7334161491203308, 0.7102725720596313, 0.6903008968162536, 0.6709108975410462, 0.6511332779693604, 0.6368784840774536, 0.6255426415252685, 0.61519542552948, 0.6117324023246765, 0.6070250201797486], "train_acc": [0.26862, 0.39254, 0.4483, 0.4808, 0.51274, 0.53016, 0.54372, 0.54786, 0.55854, 0.56474, 0.56504, 0.56868, 0.57456, 0.57862, 0.58024, 0.58086, 0.58698, 0.58716, 0.58946, 0.59552, 0.59556, 0.5929, 0.59714, 0.59672, 0.59498, 0.6017, 0.59768, 0.6016, 0.60266, 0.60254, 0.60696, 0.6042, 0.61036, 0.60518, 0.60798, 0.61298, 0.6126, 0.61426, 0.61526, 0.61564, 0.6187, 0.6182, 0.62072, 0.6221, 0.62198, 0.62422, 0.62714, 0.62758, 0.62628, 0.62796, 0.63312, 0.63224, 0.63566, 0.63838, 0.63888, 0.64008, 0.64088, 0.64514, 0.64224, 0.64454, 0.64932, 0.65038, 0.65132, 0.65296, 0.65892, 0.6581, 0.66076, 0.66312, 0.66772, 0.6696, 0.67562, 0.67898, 0.68416, 0.68654, 0.69372, 0.69994, 0.7055, 0.71336, 0.72012, 0.73046, 0.7418, 0.75026, 0.76276, 0.7731, 0.78892, 0.8008, 0.81652, 0.83112, 0.84384, 0.86, 0.87556, 0.89044, 0.9023, 0.91436, 0.92518, 0.93436, 0.94072, 0.94692, 0.94948, 0.95174], "test_loss": [1.7704270614624023, 1.609854176902771, 1.7648601417541503, 1.4372737773895263, 1.411197561454773, 1.3315538515090943, 1.333395114135742, 1.2930717533111573, 1.2368604837417603, 1.2981284034729004, 1.3475619504928589, 1.2297033683776855, 1.2168780075073242, 1.4421167388916016, 1.1778266593933104, 1.3147903467178346, 1.17512008934021, 1.172463335609436, 1.2787481973648072, 1.1570684875488282, 1.109513645172119, 1.189127862739563, 1.1855393566131591, 1.157667000770569, 1.126691329574585, 1.1312033288955687, 1.1879100959777833, 1.2175990421295166, 1.0943060056686402, 1.0994529258728027, 1.107409624671936, 1.181625494003296, 1.1396022243499755, 1.226800834274292, 1.083612989807129, 1.0940515058517457, 1.0761796222686768, 1.1475986083984375, 1.143830676841736, 1.0736567306518554, 1.1225010879516601, 1.1078760875701905, 1.0582404529571534, 1.0669461086273193, 1.1041180704116822, 1.059234148979187, 1.0746815221786499, 1.1363089937210082, 1.057250754547119, 1.056935813140869, 1.0722963619232178, 1.0570500856399536, 1.057963095664978, 1.0586741207122803, 1.0330358442306518, 1.077886672592163, 1.049060028076172, 1.0861071071624755, 1.0431301649093627, 1.010822367477417, 1.0078042028427123, 1.031309306716919, 1.0354095155715943, 1.027695704650879, 1.0312826705932616, 1.0378100856781005, 1.0104513799667358, 1.0213580835342406, 1.00111983833313, 1.0051871564865111, 1.006071943473816, 0.9933172018051147, 0.9934301889419556, 0.988227081489563, 1.0266219751358032, 0.9954804483413696, 1.0333316150665284, 1.0237997074127196, 0.9995129573822021, 0.9911259899139404, 1.029461467933655, 1.0169993795394898, 1.0645216148376464, 1.0286189113616944, 1.064255889892578, 1.0786684749603273, 1.0827791091918946, 1.1041666662216187, 1.1156946670532226, 1.2136229356765746, 1.1744180610656738, 1.1966488212585449, 1.2099239063262939, 1.2409629920959473, 1.2414704637527465, 1.2407441772460936, 1.2559910327911377, 1.2707777864456178, 1.2628297300338744, 1.2701078262329102], "test_acc": [0.3748, 0.457, 0.3973, 0.5115, 0.6124, 0.6166, 0.6124, 0.6168, 0.6633, 0.6221, 0.6139, 0.6842, 0.6793, 0.6423, 0.7135, 0.6578, 0.7343, 0.7425, 0.7035, 0.7477, 0.769, 0.6994, 0.7164, 0.7202, 0.7956, 0.7548, 0.6782, 0.6842, 0.7874, 0.7656, 0.7873, 0.6783, 0.7548, 0.6976, 0.7591, 0.8092, 0.8283, 0.7995, 0.7363, 0.8159, 0.771, 0.7645, 0.8171, 0.829, 0.7792, 0.7991, 0.8044, 0.7129, 0.8263, 0.811, 0.7776, 0.7833, 0.7613, 0.8293, 0.8365, 0.7909, 0.8412, 0.7826, 0.8112, 0.8235, 0.8284, 0.8197, 0.7835, 0.8078, 0.8079, 0.76, 0.8292, 0.8163, 0.8191, 0.8002, 0.8087, 0.805, 0.8044, 0.7859, 0.7458, 0.7724, 0.7116, 0.7361, 0.744, 0.7468, 0.728, 0.7103, 0.6848, 0.7243, 0.7113, 0.6954, 0.6885, 0.6912, 0.6761, 0.6362, 0.6642, 0.6707, 0.667, 0.6662, 0.674, 0.6711, 0.6695, 0.6727, 0.672, 0.6684]}