{"train_loss": [2.0233422687911986, 1.6629977955245971, 1.474565273399353, 1.3586430794525146, 1.2853054773712158, 1.2340101723098755, 1.1951160221862793, 1.1731851427459716, 1.1537372051620483, 1.139231682395935, 1.1286500115966798, 1.117860583229065, 1.1104215742111205, 1.1015078202819824, 1.0955842007446288, 1.0898382105255127, 1.081487285003662, 1.0729019709014893, 1.071575916671753, 1.0673627088928224, 1.0629859825515746, 1.057657057914734, 1.053459917755127, 1.0511669713592529, 1.0488315287017822, 1.0429039400100708, 1.0425578650283813, 1.0396101166915894, 1.0300692105865479, 1.0321822109985352, 1.025085393371582, 1.0237192081451416, 1.0184251258850097, 1.0136961664199828, 1.0178630348205566, 1.010905708427429, 1.0085511473464965, 1.0039558391571044, 0.9991566959381104, 1.0001549335479736, 0.9954864382934571, 0.9906122894668579, 0.9867834938812255, 0.9877009643554687, 0.9773193396186829, 0.9797825092315674, 0.9741854504394531, 0.9683248643493653, 0.9680024283981323, 0.9625502292633057, 0.9597793571662903, 0.9507419804000854, 0.9513028460693359, 0.9471073765945435, 0.9417426794052124, 0.9405256753540039, 0.9301094537353516, 0.9315916297149658, 0.9252938149261475, 0.9219730659484864, 0.9141272423171997, 0.9108016652297973, 0.9039200820922851, 0.9009839373397828, 0.8961321074485779, 0.889676248626709, 0.8851770867538452, 0.8772698918533325, 0.8720241579246522, 0.8653676962471009, 0.8612538368988037, 0.8538109634017944, 0.8474564087677002, 0.8392301365661621, 0.8288102316856384, 0.8191641408157349, 0.8100437511253357, 0.7996900010681153, 0.7911670861816407, 0.7776414079284668, 0.7681568559265137, 0.7536412753295898, 0.7418486351776123, 0.7262910791778564, 0.7089647011756897, 0.6936589546203613, 0.6811027975082398, 0.6632975176620484, 0.6469162756347656, 0.6298419038772582, 0.6130867099380494, 0.6021178419685363, 0.5868996148872375, 0.5793800410079956, 0.5667215275382995, 0.5592497574424744, 0.5549405041694642, 0.5511668524932861, 0.5488685693740845, 0.5488352647590637], "train_acc": [0.29556, 0.43794, 0.52958, 0.58292, 0.6251, 0.65096, 0.66696, 0.67998, 0.688, 0.69506, 0.7016, 0.70534, 0.7109, 0.713, 0.71608, 0.71828, 0.72348, 0.72718, 0.72604, 0.73074, 0.73416, 0.73484, 0.73574, 0.7365, 0.7388, 0.74294, 0.7419, 0.7417, 0.74722, 0.74598, 0.74852, 0.75002, 0.75164, 0.7552, 0.75174, 0.75526, 0.75736, 0.75978, 0.76146, 0.75998, 0.76352, 0.76392, 0.76496, 0.76614, 0.77076, 0.77036, 0.77128, 0.77586, 0.77538, 0.77752, 0.77938, 0.78152, 0.78152, 0.78488, 0.78798, 0.78666, 0.79406, 0.79214, 0.7944, 0.79696, 0.79914, 0.80158, 0.8042, 0.80562, 0.80894, 0.81218, 0.81388, 0.81728, 0.82044, 0.823, 0.82444, 0.82948, 0.83054, 0.83394, 0.84026, 0.84312, 0.8498, 0.85414, 0.85864, 0.86324, 0.8695, 0.87624, 0.88184, 0.88892, 0.89794, 0.9064, 0.91292, 0.922, 0.92958, 0.93884, 0.94884, 0.95398, 0.96208, 0.96502, 0.9731, 0.97596, 0.97844, 0.98078, 0.9817, 0.98198], "test_loss": [1.7703883707046508, 1.5396834314346313, 1.3316047225952148, 1.236156728363037, 1.2343429010391236, 1.120654411315918, 1.167078182029724, 1.1426579092025757, 1.0765494426727296, 1.1103103750228882, 1.0467077657699584, 1.1093893058776856, 1.0657202056884765, 1.0259116456985473, 1.2357339380264283, 1.06262084274292, 0.9874467002868652, 1.0106638732910156, 1.1254070444107056, 1.0815461042404175, 1.0827524162292481, 0.9844838823318481, 0.9987103294372559, 1.030087558555603, 1.0049781161308289, 0.9519453130722045, 0.9889188932418823, 0.9451741384506226, 0.9735563830375671, 0.9728718322753906, 1.0176049770355224, 0.9919582035064697, 0.9774884400367737, 1.0315084894180298, 0.9694281576156616, 0.9859234260559082, 0.9760287012100219, 0.9734444118499755, 0.8971132629394531, 0.9082110111236572, 0.9451315238952637, 0.9797347211837768, 0.95758360080719, 0.9102732357025146, 0.9192147712707519, 0.9878625741958618, 0.9167273513793945, 0.9195367307662964, 0.8946778907775879, 0.9185090408325195, 0.9436362218856812, 0.9069670375823975, 0.9522911918640137, 0.8746817260742188, 0.9533917537689209, 0.8577938665390015, 0.8721627811431885, 0.8970835508346557, 0.8588788688659668, 0.8845181151390076, 0.8646449508666992, 0.8579760238647461, 0.9126027112960815, 0.8711602170944214, 0.8470318407058716, 0.8365023429870605, 0.8258344324111938, 0.8252996774673462, 0.843732124710083, 0.8348961948394775, 0.8869611902236938, 0.8412852428436279, 0.8507431888580322, 0.8287150526046753, 0.8041501235961914, 0.8033771507263183, 0.8436032135009766, 0.8589557752609253, 0.8032115184783936, 0.8389276866912841, 0.8241666042327881, 0.8414083499908447, 0.8296042995452881, 0.839461100769043, 0.8958474098205567, 0.8465158660888672, 0.880518636894226, 0.8791726224899292, 0.8398305106163025, 0.898207274723053, 0.8731944810867309, 0.854031400680542, 0.8829174144744873, 0.9010496206283569, 0.9066177139282227, 0.9073310945510864, 0.8916724462509156, 0.8895712768554688, 0.8907524353027344, 0.8919181467056274], "test_acc": [0.3921, 0.5188, 0.6255, 0.6709, 0.6815, 0.7463, 0.7249, 0.7487, 0.7682, 0.7698, 0.7871, 0.7409, 0.7703, 0.7987, 0.6973, 0.7787, 0.8019, 0.7996, 0.744, 0.7764, 0.7899, 0.816, 0.8204, 0.794, 0.8069, 0.8371, 0.8097, 0.8372, 0.8163, 0.8297, 0.8042, 0.8167, 0.8255, 0.7951, 0.838, 0.8276, 0.8195, 0.826, 0.857, 0.8489, 0.8481, 0.8238, 0.8401, 0.8501, 0.8572, 0.8142, 0.8573, 0.8497, 0.8616, 0.844, 0.8457, 0.8594, 0.8374, 0.8702, 0.8339, 0.8873, 0.8718, 0.8614, 0.8774, 0.8585, 0.8666, 0.8769, 0.844, 0.8748, 0.885, 0.8915, 0.8837, 0.8915, 0.8858, 0.8835, 0.8523, 0.8827, 0.879, 0.8812, 0.891, 0.8897, 0.8748, 0.8619, 0.8834, 0.8704, 0.8784, 0.8647, 0.8729, 0.8568, 0.8344, 0.8593, 0.8292, 0.834, 0.8558, 0.8286, 0.8427, 0.8506, 0.8403, 0.8302, 0.829, 0.8275, 0.8356, 0.8394, 0.8393, 0.8377]}