{"train_loss": [1.8503963678359985, 1.2966017525863647, 1.0033948103141785, 0.8137698340606689, 0.6882155867576599, 0.6128749389076233, 0.5661587918472291, 0.5295558932304383, 0.5108246357727051, 0.4818320275878906, 0.4609939292526245, 0.4406585874557495, 0.4398328399848938, 0.4205759579181671, 0.4075854759025574, 0.40072848459243776, 0.39574219514846803, 0.3849818525505066, 0.37518895696640014, 0.37277385113716127, 0.3582114472484589, 0.35147729095458985, 0.3511397680091858, 0.3480980246257782, 0.3386752927017212, 0.33754669591903685, 0.3229183982086182, 0.3264722679901123, 0.3219858826160431, 0.3079032758617401, 0.3046357332611084, 0.3067976959133148, 0.29753193225860597, 0.2945827851676941, 0.29214368448257444, 0.28035637737751007, 0.2832308800792694, 0.2722180926132202, 0.272604202170372, 0.2633551281261444, 0.25935813955783843, 0.2550859930801392, 0.24820103665351867, 0.24976373538970947, 0.23932436467170715, 0.23786467936992645, 0.22872447140693664, 0.2239254818534851, 0.2158822737312317, 0.2128059017562866, 0.20675168959140777, 0.20422452129364013, 0.19361550397396088, 0.191215200715065, 0.18292519488811493, 0.17634541125535966, 0.17536416714668274, 0.1643136840724945, 0.15952769022583962, 0.1556182822751999, 0.14797992877483368, 0.13784147161483765, 0.13069342173814774, 0.12802390351772308, 0.12219850151062012, 0.1069370130777359, 0.10763247034072876, 0.0985290657711029, 0.0944748404765129, 0.08785876898765564, 0.08247127254962922, 0.06905116489171982, 0.06718039680480957, 0.057223219618797304, 0.05307495106697083, 0.04606257141947746, 0.04040335710048676, 0.036876355011165145, 0.02743715088069439, 0.028433180719316005, 0.021202328157424927, 0.01680169165790081, 0.014311529091894627, 0.011781281637996435, 0.008283749709576368, 0.007118127126693726, 0.005526180158145726, 0.004295035773068666, 0.003913826206177473, 0.003561967085190117, 0.0029726988388597965, 0.0028559833647310733, 0.0026671951756626366, 0.002552667457833886, 0.0025187988610565664, 0.0025418751814961435, 0.0021295778616517783, 0.0022341441839933396, 0.002321192206069827, 0.0021341247784346343], "train_acc": [0.33402, 0.52946, 0.64144, 0.71456, 0.76186, 0.78862, 0.805, 0.81924, 0.8237, 0.83332, 0.84228, 0.84942, 0.84898, 0.8545, 0.8616, 0.86088, 0.86582, 0.86678, 0.8726, 0.87244, 0.87702, 0.88066, 0.87866, 0.88124, 0.88352, 0.88548, 0.8902, 0.88952, 0.88966, 0.8955, 0.89612, 0.8949, 0.89924, 0.90038, 0.90054, 0.90422, 0.90382, 0.907, 0.90642, 0.9095, 0.91222, 0.91312, 0.9165, 0.91436, 0.91836, 0.91926, 0.9225, 0.9237, 0.92566, 0.9273, 0.92732, 0.92772, 0.93322, 0.93484, 0.9373, 0.93938, 0.93996, 0.9435, 0.9449, 0.94652, 0.9493, 0.95338, 0.9565, 0.9565, 0.9576, 0.96402, 0.96282, 0.96636, 0.96752, 0.97016, 0.97166, 0.97634, 0.97762, 0.9809, 0.98306, 0.98458, 0.98648, 0.98828, 0.99108, 0.99094, 0.99394, 0.99498, 0.99614, 0.99682, 0.9982, 0.99834, 0.9989, 0.99932, 0.99944, 0.99946, 0.99966, 0.99962, 0.9997, 0.99978, 0.99978, 0.9997, 0.99986, 0.99982, 0.99974, 0.99992], "test_loss": [1.5585727838516235, 1.1889645162582398, 1.003395921230316, 1.067891796875, 0.8199583691596984, 0.7209052506446838, 0.6910058609008789, 0.6366343599319458, 0.6391713145256043, 0.7050769779205323, 0.5900359896659851, 0.616130111026764, 0.6061850979804992, 0.5808534046173096, 0.7609851051807404, 0.48307134923934936, 0.4964280025482178, 0.5565458343505859, 0.584442919921875, 0.43378644847869874, 0.4899521430969238, 0.5033587524414063, 0.4381255792617798, 0.47486573305130003, 0.4856961043357849, 0.47319926581382754, 0.4447689757823944, 0.44584826560020446, 0.51933549451828, 0.42239473085403445, 0.5382131281852722, 0.5075908102035522, 0.3651591212272644, 0.4633092272758484, 0.49224768228530885, 0.36473798694610593, 0.4937701602935791, 0.3774784827709198, 0.4581226773262024, 0.3805742224693298, 0.398551430273056, 0.3589719720840454, 0.42017754216194153, 0.39933393630981445, 0.4243318871498108, 0.33357275216579435, 0.3600381142377853, 0.5446540735244751, 0.38067865571975706, 0.46262320935726164, 0.3639001947402954, 0.3398328245162964, 0.4726901619911194, 0.3757824834823608, 0.39757501051425936, 0.3997945219993591, 0.36878307933807375, 0.4031063755989075, 0.3434959524154663, 0.2935971779823303, 0.2938156002044678, 0.3960111884117126, 0.2942716989517212, 0.3497538537502289, 0.30397111377716063, 0.2764331256866455, 0.27373527641296386, 0.29232800579071044, 0.2588420385360718, 0.29273232493400575, 0.2716552131652832, 0.25498281841278075, 0.2632838747024536, 0.29018213362693784, 0.24382740025520325, 0.24108127126693726, 0.25897604236602784, 0.22625874557495118, 0.3036730183422566, 0.24109646677970886, 0.23982844181060792, 0.24206365795135498, 0.20759405455589294, 0.20624221086502076, 0.21060347728729248, 0.20360289435386658, 0.2004726256608963, 0.19646845214366912, 0.19303862080574036, 0.19100878353118897, 0.1901759941101074, 0.19156874372959137, 0.19085930571556092, 0.19131240866184235, 0.1894008925676346, 0.18812986102104187, 0.1888329433441162, 0.18767239322662355, 0.18664444193840027, 0.1867102122068405], "test_acc": [0.4318, 0.576, 0.657, 0.6549, 0.7251, 0.7534, 0.7745, 0.7821, 0.7798, 0.7669, 0.8053, 0.7941, 0.7978, 0.8026, 0.7662, 0.8412, 0.8333, 0.8188, 0.8119, 0.8578, 0.835, 0.8413, 0.8553, 0.8466, 0.8386, 0.8414, 0.8514, 0.852, 0.8276, 0.8594, 0.8279, 0.8338, 0.8767, 0.8502, 0.8351, 0.881, 0.8413, 0.8748, 0.8548, 0.871, 0.8689, 0.8827, 0.8666, 0.8686, 0.8597, 0.8877, 0.8794, 0.8347, 0.8778, 0.8592, 0.8831, 0.8875, 0.8582, 0.8786, 0.8726, 0.8758, 0.883, 0.8766, 0.897, 0.9046, 0.9041, 0.8817, 0.9088, 0.8912, 0.9083, 0.915, 0.916, 0.9113, 0.9206, 0.9132, 0.9188, 0.9247, 0.9232, 0.9205, 0.9254, 0.9322, 0.9302, 0.9366, 0.9172, 0.9346, 0.9378, 0.9353, 0.9458, 0.9444, 0.9456, 0.9467, 0.9478, 0.9497, 0.9515, 0.9516, 0.9514, 0.9519, 0.9504, 0.9515, 0.9523, 0.951, 0.9517, 0.9528, 0.952, 0.9526]}