{
    "train_loss": [
        2.331882590484619,
        2.1527682417297362
    ],
    "train_acc": [
        0.17576,
        0.25756
    ],
    "test_loss": [
        1.9565719324111939,
        1.8157694183349609
    ],
    "test_acc": [
        0.3456,
        0.4278
    ]
}