{"train_loss": [2.390401719207764, 2.168076345977783, 2.117595838851929, 2.076714629135132, 2.0368980765151976, 2.0062586614990234, 1.9725940086364746, 1.943766842880249, 1.9209258773040772, 1.9014501303482056, 1.8832729754257203, 1.8692399326324463, 1.8502670709228515, 1.8370275714874267, 1.8246144861221314, 1.813486220664978, 1.8014798419189453, 1.7952752548599242, 1.7904836691665649, 1.7829521895980835, 1.7765086977767945, 1.7734930145263672, 1.7694346257781983, 1.7626498919296265, 1.7609964123535156, 1.7557592974853515, 1.7529016672134399, 1.7500016138076782, 1.7450280266571045, 1.7412912354278565, 1.739467585372925, 1.7367369314193726, 1.7349095560073853, 1.7269772436523438, 1.7252607104110718, 1.7209217177963256, 1.716364246788025, 1.7139216501617431, 1.712636233062744, 1.7072977166366576, 1.7023458884048461, 1.697726235961914, 1.6972593124771118, 1.6911981009292603, 1.6882613433456422, 1.6855178392791748, 1.6807710387802124, 1.6759367105102538, 1.672255202331543, 1.6662513522338867, 1.663500715637207, 1.6568652320098878, 1.653331537513733, 1.6499451502227782, 1.6439347262573243, 1.6385065030288697, 1.6316168093109131, 1.6270755982208251, 1.6170364420318604, 1.6134798342895509, 1.6059659881591797, 1.597784914779663, 1.5899002101898194, 1.5829965493774414, 1.5723901067733765, 1.5664048169708251, 1.5497236145782471, 1.537988899230957, 1.5300341184234618, 1.5130961664962768, 1.5027637546539308, 1.4825327378082276, 1.465421630935669, 1.447658352279663, 1.4231473542404174, 1.4039794408035278, 1.3789518789291382, 1.3493518413543701, 1.3204732188034058, 1.284263438911438, 1.2489596881866456, 1.202965838241577, 1.1635575566482543, 1.1169517232513428, 1.0642635928344726, 1.0093405383300782, 0.9454260844039917, 0.881752512512207, 0.815628532447815, 0.743295259590149, 0.6738551490592957, 0.6042755550575256, 0.5424226971054077, 0.478745969247818, 0.4286367303276062, 0.387800715341568, 0.35890567251205446, 0.3330821081542969, 0.3181624462413788, 0.3127932551860809], "train_acc": [0.14178, 0.21376, 0.25584, 0.28516, 0.31566, 0.33374, 0.35742, 0.37626, 0.38824, 0.40178, 0.41484, 0.42342, 0.43496, 0.44418, 0.45016, 0.4587, 0.46614, 0.46746, 0.47014, 0.47406, 0.47858, 0.4784, 0.48014, 0.48466, 0.48674, 0.48784, 0.48954, 0.49298, 0.49482, 0.49726, 0.49836, 0.49814, 0.49782, 0.50456, 0.50442, 0.5069, 0.50766, 0.50964, 0.51094, 0.51178, 0.51496, 0.51608, 0.5173, 0.51948, 0.52156, 0.52118, 0.52266, 0.52584, 0.52648, 0.53072, 0.5315, 0.53402, 0.53614, 0.53532, 0.53774, 0.54114, 0.54246, 0.54528, 0.54806, 0.5485, 0.55112, 0.55364, 0.55672, 0.55776, 0.56046, 0.56344, 0.56818, 0.57172, 0.57272, 0.57638, 0.57876, 0.5845, 0.5879, 0.5908, 0.59926, 0.60256, 0.60812, 0.6137, 0.62086, 0.62866, 0.63594, 0.64902, 0.6568, 0.66832, 0.6811, 0.69598, 0.7124, 0.73072, 0.74916, 0.76982, 0.79126, 0.81236, 0.83094, 0.85104, 0.8683, 0.88188, 0.89056, 0.90048, 0.9049, 0.9066], "test_loss": [2.045187698173523, 1.8102924589157106, 1.7689319234848022, 1.6637539415359497, 1.605748504447937, 1.5309364824295044, 1.5193436944961547, 1.4909678796768189, 1.3451064197540283, 1.2484126098632813, 1.2769969087600708, 1.2470532623291015, 1.2975236368179321, 1.3649579332351685, 1.1220022340774536, 1.1813983911514283, 1.1147763243675233, 1.1730293506622314, 1.1492112188339234, 1.193341891670227, 1.0843138177871705, 1.0894383722305299, 1.0416250459671021, 1.067850569343567, 1.091187598514557, 1.1321768350601196, 1.0486946475982666, 1.019923605632782, 1.061238409423828, 1.0487868627548218, 1.059507263469696, 1.13545307598114, 0.9533562108039856, 0.9371414943695069, 1.0215199710845948, 1.055737363052368, 1.0043701740264892, 1.0418116670608522, 0.9791237028121949, 0.972867684841156, 1.0526799543380738, 0.9724208780288697, 0.9579695973396302, 0.9632786960601807, 0.9164797870635987, 0.9814523960113526, 0.913601305103302, 0.906184328842163, 0.9108258527755737, 0.9262603141784668, 0.9329359697341919, 0.9620465326309204, 0.9892256739616394, 0.9341649461746215, 0.9020200729370117, 0.8787847016334533, 0.9917901168823242, 0.9314149938583374, 0.9149819437980652, 1.0060834746360778, 0.9230359252929687, 0.876429444694519, 0.8647854772567749, 0.9172374736785889, 0.9375259261131287, 0.8943480966567993, 0.8628428562164306, 0.8961388783454896, 0.8815363477706909, 0.8660240392684937, 0.8382692523002625, 0.8349620087623596, 0.8294674970626831, 0.911487980556488, 0.8735555535316467, 0.9219356111526489, 0.917405876159668, 0.8919143187522888, 0.9515937433242798, 0.9784315983772278, 0.9920184463500976, 1.0205132635116576, 0.9869011398315429, 1.0884093181610108, 1.0203868090629578, 1.1097392879486083, 1.1607725541114806, 1.142510411643982, 1.2093159391403199, 1.309134306049347, 1.3659423542976379, 1.3643313426971435, 1.3105415134429932, 1.3055726237297058, 1.3526703099250794, 1.4163695936203002, 1.3899683860778809, 1.393722982788086, 1.4076972679138184, 1.4185616073608398], "test_acc": [0.2609, 0.368, 0.4391, 0.4408, 0.5026, 0.5494, 0.5093, 0.5247, 0.5854, 0.6409, 0.6331, 0.6554, 0.6096, 0.6151, 0.7015, 0.6711, 0.7247, 0.7197, 0.712, 0.6798, 0.7358, 0.7373, 0.7515, 0.7531, 0.7282, 0.7, 0.7638, 0.7838, 0.7415, 0.7482, 0.737, 0.7246, 0.7814, 0.79, 0.7747, 0.7428, 0.7619, 0.7435, 0.7842, 0.7887, 0.7623, 0.7656, 0.7823, 0.8012, 0.8016, 0.7826, 0.8116, 0.819, 0.805, 0.807, 0.8083, 0.7935, 0.7896, 0.7992, 0.8104, 0.8193, 0.7703, 0.8027, 0.8134, 0.7702, 0.8058, 0.8344, 0.8225, 0.8102, 0.8049, 0.8088, 0.821, 0.8154, 0.8216, 0.8156, 0.833, 0.8263, 0.8224, 0.7955, 0.8067, 0.797, 0.7812, 0.776, 0.7792, 0.7644, 0.7494, 0.7489, 0.7472, 0.7201, 0.7312, 0.7083, 0.6921, 0.6963, 0.6694, 0.6431, 0.6228, 0.6254, 0.6455, 0.6532, 0.6379, 0.622, 0.6342, 0.6288, 0.6271, 0.627]}